112e4fea7675426ba34d55688e1cb24f	内容审核列表_3.0_优化版	https://contribution.usercontent.google.com/download?c=CgthaWRhX2NvZGVmeBJ8Eh1hcHBfY29tcGFuaW9uX2dlbmVyYXRlZF9maWxlcxpbCiVodG1sXzM0MDU4NTc2NmQyNDQ2ZTBhMzE5MzQxMjE1YzFkNzQ0EgsSBxC1ufWbghwYAZIBJAoKcHJvamVjdF9pZBIWQhQxNjM2Njc3MTE0NzA2MDg4NjA1Mw&filename=&opi=89354086	https://lh3.googleusercontent.com/aida/ADBb0uguwLpP8OBLKiVbUTWS98PQ8OuX14i4RESdbEJwA5-HLzQSgXMaDtVTM_LiL3l2YfI1zixc9hIdEXefl1j8nry1W2vVBaW-5OTK4zrnA0-6NMbAS7ytQLvldBuUBAV88UCSETfQqE7hOoQMM_8kZWcteWXqxcdGaF51-WZZjpssoNK9uLK_GK5IiYxey56P_vYQLwDDTV_DnBpYmi3lBQxI0-YQzElY5yYzqmPbfmbSNVj2i63QOXwehnE
64a0cf29860d488e87046931f7c74552	宠物管理_3.0_优化版	https://contribution.usercontent.google.com/download?c=CgthaWRhX2NvZGVmeBJ8Eh1hcHBfY29tcGFuaW9uX2dlbmVyYXRlZF9maWxlcxpbCiVodG1sXzIxMzBmY2MzN2MxYTQ5YWJhNTJhODdiMjBiYmY1YTYyEgsSBxC1ufWbghwYAZIBJAoKcHJvamVjdF9pZBIWQhQxNjM2Njc3MTE0NzA2MDg4NjA1Mw&filename=&opi=89354086	https://lh3.googleusercontent.com/aida/ADBb0ugEjldhO4FtvdAfEELNOZqUrgjVSVgmfvf_4VZZpVsLtFI7pRSpErZw1aIZPZFqH2C8rUkHRMZa40vX8RY1YslyfTww3ZOPfvX-2p7zTkveu9rW2LoSx4ixXKjwmD1Xza92YtNQ14LD8AQZYPT-Nz_p3a61rJcYrzMGBgP0OHGn5awqrkvj0dOHRuqzFLeXsuEDuKwdO0FT2Gmkwns0IxyaG9rg86boTfPFOWO1DzBBSTfUMTVSsiLBT6l9
8d1e4a96561241bab4a5616aa41bfdf1	举报处理列表_3.0_优化版	https://contribution.usercontent.google.com/download?c=CgthaWRhX2NvZGVmeBJ8Eh1hcHBfY29tcGFuaW9uX2dlbmVyYXRlZF9maWxlcxpbCiVodG1sXzI4MWMyY2ViYjJhMTQ0ZWZhMjRjMWE3NGE4YjBlODhiEgsSBxC1ufWbghwYAZIBJAoKcHJvamVjdF9pZBIWQhQxNjM2Njc3MTE0NzA2MDg4NjA1Mw&filename=&opi=89354086	https://lh3.googleusercontent.com/aida/ADBb0ujdNWrgmjtT8Xei0w90yY-JHmx3vVRjuJxRw4WhTEoy2GB9XxiMk8v1NqHGO5AvBGGdcks_XFO1EfnPi4S0owhi4SYCjXYGcP_CccsI_FSrcdCHtkKX9qEVmFzS1J3XlWGpAWsAY7C6bhCDSx6Vnb9ogBMHXF9HLRTVZqDKr96G4yEKNU4QY72HDOxcleQcqznUCznA2PhqkIjE-zec6ysVF2v_Zl8uGjfmVXcWY0DCMVei--_9TECihYv2
988048ac9ff24b9db1073a7386b42b2c	用户管理_3.0_优化版	https://contribution.usercontent.google.com/download?c=CgthaWRhX2NvZGVmeBJ8Eh1hcHBfY29tcGFuaW9uX2dlbmVyYXRlZF9maWxlcxpbCiVodG1sX2UyODZmMWNkNDM1ODQxNDlhYjg5NjEzZDVkYzRkNWI0EgsSBxC1ufWbghwYAZIBJAoKcHJvamVjdF9pZBIWQhQxNjM2Njc3MTE0NzA2MDg4NjA1Mw&filename=&opi=89354086	https://lh3.googleusercontent.com/aida/ADBb0ug51IO1bzzcnTtnbzplus01hxGXx2-kaiBvbYURBcc0rGEHKsREv_1EUeNsF1qSAfxTVdjv4NktZJ-xrfAG4Y69LqoF6VplLTF-yr_gblfO6UVSLr60qxPRP1-P0numQyVMf2fg1_LgYmfkwgxFSCeVjIjVKYYl7gZkXg8MG5Y7DaIpaGzKo4dkUqQay912FDUpRyoBBx7B0rl35XIQ35sutqRkr0aH6LEWxAmouOIKKE7GlpMcwuTrzeE6
e9e7a0f11ab7474c93eb83fe761aae39	风控记录_3.0_优化版	https://contribution.usercontent.google.com/download?c=CgthaWRhX2NvZGVmeBJ8Eh1hcHBfY29tcGFuaW9uX2dlbmVyYXRlZF9maWxlcxpbCiVodG1sX2YzMTBkYmE5YjFmMTRlODlhMzRiYzM1OTZmYjI1ZmY4EgsSBxC1ufWbghwYAZIBJAoKcHJvamVjdF9pZBIWQhQxNjM2Njc3MTE0NzA2MDg4NjA1Mw&filename=&opi=89354086	https://lh3.googleusercontent.com/aida/ADBb0uhGJq5A8o_7ZRDSn5kTCxGmxPteBj4QK_ifTHK1XUz9sSlA6SG8YU8t_SqBj3elgxIeQ3VdfgARgfQheGBObQuJZsAkmJQkatsz7BlCX0yrCGJ5v6OxW3wWxxyornN_uh3uUa6tdzubGfw0j2Bkkkj3JGmpnqy5XLLtcexuaczpDAln4ZSIgxUcdijvnq12P2wilrLsbbj48Zukh3jIAOGA0yvscv3UqBRotc8NFhAanLR66beiPc0VLhU
d2ae239686bc4329bc2a85abb27549da	举报处理详情_3.0	https://contribution.usercontent.google.com/download?c=CgthaWRhX2NvZGVmeBJ8Eh1hcHBfY29tcGFuaW9uX2dlbmVyYXRlZF9maWxlcxpbCiVodG1sX2RhYjE0MzZjYWMyMjQ0YjBhNzZjZTc4OTczMDVjZDYzEgsSBxC1ufWbghwYAZIBJAoKcHJvamVjdF9pZBIWQhQxNjM2Njc3MTE0NzA2MDg4NjA1Mw&filename=&opi=89354086	https://lh3.googleusercontent.com/aida/ADBb0ujzTRgza6u7CWIzz8TR9kYEhE5DDm_ppiCRfJwRzAd7uquk0VgGactCK3YdFtZIz0mNuXlCRRgmamNaX8vQLi_SPCn8Ksb2e4vOWtiVXoFffmiZDCi2KlLgZzjfkRzvt4RTnaVEdvzLXA3LcaG9ojjnnYf_7dS9XVNo9MSMgjZwU4-WtV2EoijX4MXpI5FjZW3Zizsagl5XXvomy7kcnz1QII2cokobnIFtF6JCMTgK44VpvfSTwvFy0iw
6e1cc0674121467992f46a69eb399499	基础配置_3.0_优化版	https://contribution.usercontent.google.com/download?c=CgthaWRhX2NvZGVmeBJ8Eh1hcHBfY29tcGFuaW9uX2dlbmVyYXRlZF9maWxlcxpbCiVodG1sXzUxNGNkODMwNzhiMDQ3ZmM5MzVkZGQwMTc4NGRhMmY0EgsSBxC1ufWbghwYAZIBJAoKcHJvamVjdF9pZBIWQhQxNjM2Njc3MTE0NzA2MDg4NjA1Mw&filename=&opi=89354086	https://lh3.googleusercontent.com/aida/ADBb0ugC7CaFNRjFSvE2yhAR4N8Abl2bB42ycYd21dgAHBPI0MvMHKEdZKiNz3-VMKTtuKFeFMMT2FsXB01HHlUqyb0HOIcRGinY3spqZqluD2EL3KKqBDxfxI6-5YXkLVKWCfVwf2t0KzRwV76c4K7kt1tfiovgEBQWjN-nTTt3ZL41lNQN55h0gJona6F4VjonYy-1qZ58ema8QOWegy6XLnvVXo_Deq0Ig7WvSgAdmKwnUYHfjfZj9M-GJXOj
9f61690bc3aa4e56b45fbe9b4221f5e6	通用弹出框样式_3.0	https://contribution.usercontent.google.com/download?c=CgthaWRhX2NvZGVmeBJ8Eh1hcHBfY29tcGFuaW9uX2dlbmVyYXRlZF9maWxlcxpbCiVodG1sX2ZmZDI1NjllNjc3OTRkNTg5NWE1NzViYTVlZDUyODg3EgsSBxC1ufWbghwYAZIBJAoKcHJvamVjdF9pZBIWQhQxNjM2Njc3MTE0NzA2MDg4NjA1Mw&filename=&opi=89354086	https://lh3.googleusercontent.com/aida/ADBb0uhTBTjoOyx7V-9wB16urIxKSoqPcSYexc4xI9NImfS4BUtxxdxZmChXySsVvq6C6_SrFw8m1z1gc7CqmL6tNdu_9GJ_QlOvtp_lLZZI5nopGCZG_y70IdeC2d6aTRIJQU1mgSzYFPq0uFRwiVUO0z_qKXT7G_qJATi3H5_4whls2bOxQhjYQf1hOai_d4nLPELDkGMC7APrSWIOkFTPOp8G4fptftrpbvECUemCd6GowBavQ8IOduy8QnAJ
1261ad04d825412fa8bcc1e6414f43b3	内容审核详情_3.0_优化版	https://contribution.usercontent.google.com/download?c=CgthaWRhX2NvZGVmeBJ8Eh1hcHBfY29tcGFuaW9uX2dlbmVyYXRlZF9maWxlcxpbCiVodG1sXzJhYjhiZmVkODZiODRlYjQ5YjJkMzUyYTNkNGQwZmRhEgsSBxC1ufWbghwYAZIBJAoKcHJvamVjdF9pZBIWQhQxNjM2Njc3MTE0NzA2MDg4NjA1Mw&filename=&opi=89354086	https://lh3.googleusercontent.com/aida/ADBb0uhOEoBDUsf3zZiZhoyprhUQxm8_ProJFh-0msO9XU_dMQoxmDv8pJaFalrbmpMaM5hSlGDOgoMdXaW2OtPrJthDPbit8R4CKVnGugTlnYUhtyiF5OeEnSX6AWhG0Gq2FI8vpf3x9Z0AmgQB-Hohs9w-tG2seuFVT5keGAKIcDUIUWmEKl7KIhJb3MI0GJsQ5AWEYsi0RX_Rtn32tbeM2lmUc3XBRah1xlTMpwDd4JcxOvjVhtXv98Xz2JBQ
5ec3824e44f14e35813454747c869736	宠物管理详情_3.0	https://contribution.usercontent.google.com/download?c=CgthaWRhX2NvZGVmeBJ8Eh1hcHBfY29tcGFuaW9uX2dlbmVyYXRlZF9maWxlcxpbCiVodG1sXzg3N2NmY2RlZWIzZDQ1N2U5N2MwN2E0N2ZhY2Q3YTUxEgsSBxC1ufWbghwYAZIBJAoKcHJvamVjdF9pZBIWQhQxNjM2Njc3MTE0NzA2MDg4NjA1Mw&filename=&opi=89354086	https://lh3.googleusercontent.com/aida/ADBb0uiOAqBoQGGaZq6AcaXUbTpfyJxWzJ-3sASZblMjdtDJQw553qrmBVRWHuzBXkcGL16bqrPi8DC_LUIFLn5UMrz7Xnps3i0yAW9qGm3Nw4MVuJ5ZtPVLrbwA6leQ7yfo3QIYaYLl2_78GtqtTMkKdAPZuXaethGSsQJRgabj9RPMEYkHb1RHcm4l5O0huQ-qKZ6vYm3K_NcTKkAwVbItRzrwHMN201sxQn-zcG03qc95Psmn-PEKIT6gNQs
8ad1179719bd431b96d0e3e99062bba2	风控记录详情_3.0	https://contribution.usercontent.google.com/download?c=CgthaWRhX2NvZGVmeBJ8Eh1hcHBfY29tcGFuaW9uX2dlbmVyYXRlZF9maWxlcxpbCiVodG1sXzBlZmZjODUzMmMyOTQ1YjJhYzJjMjMzYWYyOTJlODY3EgsSBxC1ufWbghwYAZIBJAoKcHJvamVjdF9pZBIWQhQxNjM2Njc3MTE0NzA2MDg4NjA1Mw&filename=&opi=89354086	https://lh3.googleusercontent.com/aida/ADBb0uhIwrGlAMrolejyVVWEV1lsF3VVDqmJwnHZX-Ufuy7VJ7Wah_CKmrlhwdctOn8wAHv00WStSJQwEcum6zdx8gEGYkLuQTTqtoH3o7OkaUfZkGmvdTm9wqRADRBy8glwOGYhh-mU0DSedIGJFn6D7NZcu-L7saoB8uscwun4dLU4-6bsk9tu15fk3K5cpaCZ7rn8os0GasqIx37UO2qZ5X9szn0j3aWysx6TqIhdv5e_Q13NelU1yXdilN67
b4a6e618f66d40cd9fe41341e1f3f08b	用户详情_3.0	https://contribution.usercontent.google.com/download?c=CgthaWRhX2NvZGVmeBJ8Eh1hcHBfY29tcGFuaW9uX2dlbmVyYXRlZF9maWxlcxpbCiVodG1sXzdmNTQ0NjhkZTMyYTQ3NTk4OGZlMjIxYTQ5NTg2YmUwEgsSBxC1ufWbghwYAZIBJAoKcHJvamVjdF9pZBIWQhQxNjM2Njc3MTE0NzA2MDg4NjA1Mw&filename=&opi=89354086	https://lh3.googleusercontent.com/aida/ADBb0uhmJSzDjwHfwSEsrsLAM-RvAW2hV0olcKu_NSzAyi2KHEhymP3vnMl92cKK63J4cKxXTfVPey7qDPO19DTlFo94__m49HnmS5WE0RwANA72ns2PenaP5MarZwqz8uFDsOc5VmbrCU-2ufdQv2pVXOw6F1aYpQ9mf2072y22Ucs428lG6yw5OeCZXNrsYotgItEcWVnrGwFZxtHGuxkXWBf_m_TGr5U9SEeTzc0H1O2P9ibAxFzPpBr2dD0z
